"GEO_ID","NAME","B19013_001E","B19013_001M",
"Geography","Geographic Area Name","Estimate!!Median household income in the past 12 months (in 2023 inflation-adjusted dollars)","Margin of Error!!Median household income in the past 12 months (in 2023 inflation-adjusted dollars)",
"1400000US06073000100","Census Tract 1; San Diego County; California","211023","92509",
"1400000US06073000201","Census Tract 2.01; San Diego County; California","110476","28513",
"1400000US06073000202","Census Tract 2.02; San Diego County; California","121264","17112",
"1400000US06073000301","Census Tract 3.01; San Diego County; California","79605","23452",
"1400000US06073000302","Census Tract 3.02; San Diego County; California","89850","25629",
"1400000US06073000400","Census Tract 4; San Diego County; California","89565","2746",
"1400000US06073000500","Census Tract 5; San Diego County; California","101875","11689",
"1400000US06073000600","Census Tract 6; San Diego County; California","99161","8869",
"1400000US06073000700","Census Tract 7; San Diego County; California","109484","24464",
"1400000US06073000800","Census Tract 8; San Diego County; California","92348","23374",
"1400000US06073000901","Census Tract 9.01; San Diego County; California","106133","18715",
"1400000US06073000902","Census Tract 9.02; San Diego County; California","83678","12241",
"1400000US06073001000","Census Tract 10; San Diego County; California","86443","5129",
"1400000US06073001100","Census Tract 11; San Diego County; California","94007","2767",
"1400000US06073001201","Census Tract 12.01; San Diego County; California","68750","15710",
"1400000US06073001202","Census Tract 12.02; San Diego County; California","102857","19094",
"1400000US06073001301","Census Tract 13.01; San Diego County; California","105903","23274",
"1400000US06073001302","Census Tract 13.02; San Diego County; California","83659","17693",
"1400000US06073001400","Census Tract 14; San Diego County; California","94156","17154",
"1400000US06073001500","Census Tract 15; San Diego County; California","110380","17505",
"1400000US06073001600","Census Tract 16; San Diego County; California","63003","13122",
"1400000US06073001700","Census Tract 17; San Diego County; California","90404","16680",
"1400000US06073001801","Census Tract 18.01; San Diego County; California","70682","15759",
"1400000US06073001802","Census Tract 18.02; San Diego County; California","82013","10343",
"1400000US06073001900","Census Tract 19; San Diego County; California","131619","24834",
"1400000US06073002001","Census Tract 20.01; San Diego County; California","188306","21061",
"1400000US06073002002","Census Tract 20.02; San Diego County; California","166605","18864",
"1400000US06073002100","Census Tract 21; San Diego County; California","76648","16950",
"1400000US06073002201","Census Tract 22.01; San Diego County; California","40647","27369",
"1400000US06073002202","Census Tract 22.02; San Diego County; California","53537","8570",
"1400000US06073002301","Census Tract 23.01; San Diego County; California","76884","9128",
"1400000US06073002302","Census Tract 23.02; San Diego County; California","46806","28089",
"1400000US06073002401","Census Tract 24.01; San Diego County; California","75813","12888",
"1400000US06073002402","Census Tract 24.02; San Diego County; California","54944","6724",
"1400000US06073002501","Census Tract 25.01; San Diego County; California","76208","18818",
"1400000US06073002502","Census Tract 25.02; San Diego County; California","94092","12147",
"1400000US06073002601","Census Tract 26.01; San Diego County; California","65000","18201",
"1400000US06073002602","Census Tract 26.02; San Diego County; California","58417","27970",
"1400000US06073002702","Census Tract 27.02; San Diego County; California","80090","11113",
"1400000US06073002703","Census Tract 27.03; San Diego County; California","83644","13236",
"1400000US06073002705","Census Tract 27.05; San Diego County; California","75703","30517",
"1400000US06073002707","Census Tract 27.07; San Diego County; California","45529","27645",
"1400000US06073002708","Census Tract 27.08; San Diego County; California","41119","8340",
"1400000US06073002709","Census Tract 27.09; San Diego County; California","53520","30439",
"1400000US06073002710","Census Tract 27.10; San Diego County; California","58636","25891",
"1400000US06073002711","Census Tract 27.11; San Diego County; California","87011","16250",
"1400000US06073002712","Census Tract 27.12; San Diego County; California","54083","15947",
"1400000US06073002801","Census Tract 28.01; San Diego County; California","73795","51570",
"1400000US06073002803","Census Tract 28.03; San Diego County; California","80991","15057",
"1400000US06073002804","Census Tract 28.04; San Diego County; California","88156","17820",
"1400000US06073002902","Census Tract 29.02; San Diego County; California","75729","24525",
"1400000US06073002903","Census Tract 29.03; San Diego County; California","93344","7103",
"1400000US06073002904","Census Tract 29.04; San Diego County; California","45746","13495",
"1400000US06073002905","Census Tract 29.05; San Diego County; California","74500","16280",
"1400000US06073003001","Census Tract 30.01; San Diego County; California","91397","24196",
"1400000US06073003003","Census Tract 30.03; San Diego County; California","84622","16361",
"1400000US06073003004","Census Tract 30.04; San Diego County; California","64815","14589",
"1400000US06073003101","Census Tract 31.01; San Diego County; California","88229","26162",
"1400000US06073003103","Census Tract 31.03; San Diego County; California","99919","22260",
"1400000US06073003105","Census Tract 31.05; San Diego County; California","108068","28865",
"1400000US06073003107","Census Tract 31.07; San Diego County; California","97105","19046",
"1400000US06073003108","Census Tract 31.08; San Diego County; California","112837","23794",
"1400000US06073003109","Census Tract 31.09; San Diego County; California","123368","11980",
"1400000US06073003111","Census Tract 31.11; San Diego County; California","46528","24311",
"1400000US06073003112","Census Tract 31.12; San Diego County; California","85965","6383",
"1400000US06073003113","Census Tract 31.13; San Diego County; California","114028","13252",
"1400000US06073003114","Census Tract 31.14; San Diego County; California","110081","5780",
"1400000US06073003115","Census Tract 31.15; San Diego County; California","85156","24370",
"1400000US06073003201","Census Tract 32.01; San Diego County; California","93508","20690",
"1400000US06073003202","Census Tract 32.02; San Diego County; California","91435","13133",
"1400000US06073003204","Census Tract 32.04; San Diego County; California","118750","21744",
"1400000US06073003207","Census Tract 32.07; San Diego County; California","109704","15445",
"1400000US06073003208","Census Tract 32.08; San Diego County; California","82594","11388",
"1400000US06073003209","Census Tract 32.09; San Diego County; California","80436","24081",
"1400000US06073003211","Census Tract 32.11; San Diego County; California","96563","13225",
"1400000US06073003212","Census Tract 32.12; San Diego County; California","103281","23605",
"1400000US06073003213","Census Tract 32.13; San Diego County; California","125164","18320",
"1400000US06073003214","Census Tract 32.14; San Diego County; California","80762","16741",
"1400000US06073003301","Census Tract 33.01; San Diego County; California","72773","10692",
"1400000US06073003303","Census Tract 33.03; San Diego County; California","57699","9450",
"1400000US06073003304","Census Tract 33.04; San Diego County; California","45362","13488",
"1400000US06073003305","Census Tract 33.05; San Diego County; California","56842","15196",
"1400000US06073003401","Census Tract 34.01; San Diego County; California","78026","9352",
"1400000US06073003403","Census Tract 34.03; San Diego County; California","66711","17951",
"1400000US06073003404","Census Tract 34.04; San Diego County; California","75843","8514",
"1400000US06073003501","Census Tract 35.01; San Diego County; California","59974","35259",
"1400000US06073003502","Census Tract 35.02; San Diego County; California","43807","24120",
"1400000US06073003601","Census Tract 36.01; San Diego County; California","83233","14855",
"1400000US06073003602","Census Tract 36.02; San Diego County; California","64444","9065",
"1400000US06073003603","Census Tract 36.03; San Diego County; California","63664","18766",
"1400000US06073003800","Census Tract 38; San Diego County; California","-","**",
"1400000US06073003901","Census Tract 39.01; San Diego County; California","67459","9633",
"1400000US06073003902","Census Tract 39.02; San Diego County; California","53750","15339",
"1400000US06073004000","Census Tract 40; San Diego County; California","53643","21162",
"1400000US06073004101","Census Tract 41.01; San Diego County; California","56931","29915",
"1400000US06073004102","Census Tract 41.02; San Diego County; California","75000","29379",
"1400000US06073004200","Census Tract 42; San Diego County; California","138021","42409",
"1400000US06073004300","Census Tract 43; San Diego County; California","107846","18479",
"1400000US06073004400","Census Tract 44; San Diego County; California","102069","32278",
"1400000US06073004501","Census Tract 45.01; San Diego County; California","77444","12330",
"1400000US06073004600","Census Tract 46; San Diego County; California","72774","9243",
"1400000US06073004700","Census Tract 47; San Diego County; California","64338","5887",
"1400000US06073004800","Census Tract 48; San Diego County; California","61783","17540",
"1400000US06073004900","Census Tract 49; San Diego County; California","46533","17672",
"1400000US06073005000","Census Tract 50; San Diego County; California","39050","29597",
"1400000US06073005101","Census Tract 51.01; San Diego County; California","64155","40722",
"1400000US06073005102","Census Tract 51.02; San Diego County; California","85541","14106",
"1400000US06073005103","Census Tract 51.03; San Diego County; California","24125","21424",
"1400000US06073005201","Census Tract 52.01; San Diego County; California","105271","13575",
"1400000US06073005202","Census Tract 52.02; San Diego County; California","58140","8104",
"1400000US06073005301","Census Tract 53.01; San Diego County; California","74775","8114",
"1400000US06073005302","Census Tract 53.02; San Diego County; California","86250","16712",
"1400000US06073005401","Census Tract 54.01; San Diego County; California","185814","45434",
"1400000US06073005402","Census Tract 54.02; San Diego County; California","131332","45688",
"1400000US06073005403","Census Tract 54.03; San Diego County; California","140388","22843",
"1400000US06073005500","Census Tract 55; San Diego County; California","-","**",
"1400000US06073005601","Census Tract 56.01; San Diego County; California","58924","24608",
"1400000US06073005602","Census Tract 56.02; San Diego County; California","100397","12457",
"1400000US06073005700","Census Tract 57; San Diego County; California","75181","6791",
"1400000US06073005801","Census Tract 58.01; San Diego County; California","100909","32114",
"1400000US06073005802","Census Tract 58.02; San Diego County; California","143182","17973",
"1400000US06073005900","Census Tract 59; San Diego County; California","87813","24121",
"1400000US06073006000","Census Tract 60; San Diego County; California","99044","16657",
"1400000US06073006100","Census Tract 61; San Diego County; California","95655","16694",
"1400000US06073006200","Census Tract 62; San Diego County; California","-","**",
"1400000US06073006300","Census Tract 63; San Diego County; California","-","**",
"1400000US06073006500","Census Tract 65; San Diego County; California","69057","12622",
"1400000US06073006600","Census Tract 66; San Diego County; California","101250","29396",
"1400000US06073006801","Census Tract 68.01; San Diego County; California","90531","15262",
"1400000US06073006802","Census Tract 68.02; San Diego County; California","89634","13142",
"1400000US06073006900","Census Tract 69; San Diego County; California","140768","7025",
"1400000US06073007002","Census Tract 70.02; San Diego County; California","179239","43673",
"1400000US06073007100","Census Tract 71; San Diego County; California","148464","34809",
"1400000US06073007200","Census Tract 72; San Diego County; California","177039","28808",
"1400000US06073007302","Census Tract 73.02; San Diego County; California","179449","40264",
"1400000US06073007303","Census Tract 73.03; San Diego County; California","115000","17690",
"1400000US06073007304","Census Tract 73.04; San Diego County; California","104311","24939",
"1400000US06073007401","Census Tract 74.01; San Diego County; California","81477","40444",
"1400000US06073007402","Census Tract 74.02; San Diego County; California","131159","39750",
"1400000US06073007501","Census Tract 75.01; San Diego County; California","83750","23071",
"1400000US06073007502","Census Tract 75.02; San Diego County; California","84550","15902",
"1400000US06073007601","Census Tract 76.01; San Diego County; California","93785","17369",
"1400000US06073007602","Census Tract 76.02; San Diego County; California","129764","49376",
"1400000US06073007701","Census Tract 77.01; San Diego County; California","126346","17449",
"1400000US06073007702","Census Tract 77.02; San Diego County; California","109414","57870",
"1400000US06073007800","Census Tract 78; San Diego County; California","105938","19031",
"1400000US06073007905","Census Tract 79.05; San Diego County; California","120074","19150",
"1400000US06073007907","Census Tract 79.07; San Diego County; California","115660","23303",
"1400000US06073007908","Census Tract 79.08; San Diego County; California","89936","25549",
"1400000US06073007910","Census Tract 79.10; San Diego County; California","100227","37939",
"1400000US06073007911","Census Tract 79.11; San Diego County; California","115134","19621",
"1400000US06073007912","Census Tract 79.12; San Diego County; California","113724","16943",
"1400000US06073008002","Census Tract 80.02; San Diego County; California","184653","44363",
"1400000US06073008003","Census Tract 80.03; San Diego County; California","158704","31017",
"1400000US06073008006","Census Tract 80.06; San Diego County; California","131125","31809",
"1400000US06073008101","Census Tract 81.01; San Diego County; California","104457","29078",
"1400000US06073008102","Census Tract 81.02; San Diego County; California","188545","20128",
"1400000US06073008201","Census Tract 82.01; San Diego County; California","129688","52821",
"1400000US06073008202","Census Tract 82.02; San Diego County; California","105094","52290",
"1400000US06073008301","Census Tract 83.01; San Diego County; California","230962","27043",
"1400000US06073008303","Census Tract 83.03; San Diego County; California","227275","49611",
"1400000US06073008305","Census Tract 83.05; San Diego County; California","41776","9023",
"1400000US06073008306","Census Tract 83.06; San Diego County; California","232614","52700",
"1400000US06073008307","Census Tract 83.07; San Diego County; California","122083","62726",
"1400000US06073008310","Census Tract 83.10; San Diego County; California","153897","31629",
"1400000US06073008311","Census Tract 83.11; San Diego County; California","250,000+","***",
"1400000US06073008312","Census Tract 83.12; San Diego County; California","140463","27123",
"1400000US06073008313","Census Tract 83.13; San Diego County; California","242083","23668",
"1400000US06073008324","Census Tract 83.24; San Diego County; California","194130","29128",
"1400000US06073008327","Census Tract 83.27; San Diego County; California","174659","37121",
"1400000US06073008328","Census Tract 83.28; San Diego County; California","250,000+","***",
"1400000US06073008330","Census Tract 83.30; San Diego County; California","176190","44632",
"1400000US06073008331","Census Tract 83.31; San Diego County; California","217083","55110",
"1400000US06073008336","Census Tract 83.36; San Diego County; California","197841","26371",
"1400000US06073008337","Census Tract 83.37; San Diego County; California","180496","10181",
"1400000US06073008339","Census Tract 83.39; San Diego County; California","80417","18793",
"1400000US06073008343","Census Tract 83.43; San Diego County; California","82325","15574",
"1400000US06073008344","Census Tract 83.44; San Diego County; California","176680","40484",
"1400000US06073008345","Census Tract 83.45; San Diego County; California","88095","19599",
"1400000US06073008346","Census Tract 83.46; San Diego County; California","177386","18781",
"1400000US06073008347","Census Tract 83.47; San Diego County; California","145714","24569",
"1400000US06073008348","Census Tract 83.48; San Diego County; California","150847","23788",
"1400000US06073008349","Census Tract 83.49; San Diego County; California","129038","29108",
"1400000US06073008350","Census Tract 83.50; San Diego County; California","121335","11751",
"1400000US06073008351","Census Tract 83.51; San Diego County; California","149196","42676",
"1400000US06073008352","Census Tract 83.52; San Diego County; California","133869","17270",
"1400000US06073008353","Census Tract 83.53; San Diego County; California","151857","31416",
"1400000US06073008355","Census Tract 83.55; San Diego County; California","154000","13398",
"1400000US06073008356","Census Tract 83.56; San Diego County; California","121548","12435",
"1400000US06073008357","Census Tract 83.57; San Diego County; California","114583","19948",
"1400000US06073008358","Census Tract 83.58; San Diego County; California","115942","43244",
"1400000US06073008359","Census Tract 83.59; San Diego County; California","86685","7857",
"1400000US06073008360","Census Tract 83.60; San Diego County; California","99122","7842",
"1400000US06073008361","Census Tract 83.61; San Diego County; California","97772","23700",
"1400000US06073008362","Census Tract 83.62; San Diego County; California","114071","28379",
"1400000US06073008363","Census Tract 83.63; San Diego County; California","70206","9705",
"1400000US06073008364","Census Tract 83.64; San Diego County; California","97066","32554",
"1400000US06073008365","Census Tract 83.65; San Diego County; California","207865","14970",
"1400000US06073008366","Census Tract 83.66; San Diego County; California","225692","39893",
"1400000US06073008367","Census Tract 83.67; San Diego County; California","120742","32485",
"1400000US06073008368","Census Tract 83.68; San Diego County; California","211830","25620",
"1400000US06073008369","Census Tract 83.69; San Diego County; California","168393","45156",
"1400000US06073008370","Census Tract 83.70; San Diego County; California","156184","23703",
"1400000US06073008371","Census Tract 83.71; San Diego County; California","159405","49619",
"1400000US06073008372","Census Tract 83.72; San Diego County; California","225481","76562",
"1400000US06073008373","Census Tract 83.73; San Diego County; California","219271","56389",
"1400000US06073008374","Census Tract 83.74; San Diego County; California","250,000+","***",
"1400000US06073008375","Census Tract 83.75; San Diego County; California","121607","47140",
"1400000US06073008376","Census Tract 83.76; San Diego County; California","120563","27284",
"1400000US06073008377","Census Tract 83.77; San Diego County; California","79444","32635",
"1400000US06073008378","Census Tract 83.78; San Diego County; California","73750","44146",
"1400000US06073008379","Census Tract 83.79; San Diego County; California","65625","22326",
"1400000US06073008380","Census Tract 83.80; San Diego County; California","92583","15252",
"1400000US06073008381","Census Tract 83.81; San Diego County; California","202833","31226",
"1400000US06073008501","Census Tract 85.01; San Diego County; California","131944","25533",
"1400000US06073008502","Census Tract 85.02; San Diego County; California","100387","22802",
"1400000US06073008503","Census Tract 85.03; San Diego County; California","118141","15467",
"1400000US06073008504","Census Tract 85.04; San Diego County; California","131429","27167",
"1400000US06073008505","Census Tract 85.05; San Diego County; California","87178","21875",
"1400000US06073008506","Census Tract 85.06; San Diego County; California","118633","9187",
"1400000US06073008507","Census Tract 85.07; San Diego County; California","87269","13030",
"1400000US06073008509","Census Tract 85.09; San Diego County; California","115600","22298",
"1400000US06073008510","Census Tract 85.10; San Diego County; California","79226","31955",
"1400000US06073008511","Census Tract 85.11; San Diego County; California","132786","25309",
"1400000US06073008512","Census Tract 85.12; San Diego County; California","118224","19332",
"1400000US06073008513","Census Tract 85.13; San Diego County; California","132500","18926",
"1400000US06073008600","Census Tract 86; San Diego County; California","63924","8096",
"1400000US06073008701","Census Tract 87.01; San Diego County; California","78516","24755",
"1400000US06073008702","Census Tract 87.02; San Diego County; California","111025","10502",
"1400000US06073008800","Census Tract 88; San Diego County; California","76775","17829",
"1400000US06073008901","Census Tract 89.01; San Diego County; California","95441","14431",
"1400000US06073008902","Census Tract 89.02; San Diego County; California","104558","13222",
"1400000US06073009000","Census Tract 90; San Diego County; California","112292","10399",
"1400000US06073009101","Census Tract 91.01; San Diego County; California","108873","27368",
"1400000US06073009102","Census Tract 91.02; San Diego County; California","75087","9547",
"1400000US06073009103","Census Tract 91.03; San Diego County; California","153807","31255",
"1400000US06073009104","Census Tract 91.04; San Diego County; California","147586","28179",
"1400000US06073009107","Census Tract 91.07; San Diego County; California","75733","21787",
"1400000US06073009108","Census Tract 91.08; San Diego County; California","88654","24800",
"1400000US06073009109","Census Tract 91.09; San Diego County; California","177500","17909",
"1400000US06073009201","Census Tract 92.01; San Diego County; California","82727","19656",
"1400000US06073009203","Census Tract 92.03; San Diego County; California","128707","23477",
"1400000US06073009204","Census Tract 92.04; San Diego County; California","163877","46478",
"1400000US06073009301","Census Tract 93.01; San Diego County; California","106974","26704",
"1400000US06073009305","Census Tract 93.05; San Diego County; California","128674","8738",
"1400000US06073009306","Census Tract 93.06; San Diego County; California","136375","30248",
"1400000US06073009307","Census Tract 93.07; San Diego County; California","114604","15534",
"1400000US06073009308","Census Tract 93.08; San Diego County; California","87995","12431",
"1400000US06073009400","Census Tract 94; San Diego County; California","86774","15118",
"1400000US06073009502","Census Tract 95.02; San Diego County; California","137218","17482",
"1400000US06073009504","Census Tract 95.04; San Diego County; California","250,000+","***",
"1400000US06073009505","Census Tract 95.05; San Diego County; California","111890","16156",
"1400000US06073009506","Census Tract 95.06; San Diego County; California","154250","20383",
"1400000US06073009507","Census Tract 95.07; San Diego County; California","113875","24714",
"1400000US06073009509","Census Tract 95.09; San Diego County; California","105272","27101",
"1400000US06073009510","Census Tract 95.10; San Diego County; California","57759","13496",
"1400000US06073009511","Census Tract 95.11; San Diego County; California","69087","14070",
"1400000US06073009602","Census Tract 96.02; San Diego County; California","153575","19728",
"1400000US06073009603","Census Tract 96.03; San Diego County; California","70571","13106",
"1400000US06073009604","Census Tract 96.04; San Diego County; California","90282","14876",
"1400000US06073009703","Census Tract 97.03; San Diego County; California","132094","23875",
"1400000US06073009704","Census Tract 97.04; San Diego County; California","114712","24662",
"1400000US06073009705","Census Tract 97.05; San Diego County; California","136742","23566",
"1400000US06073009706","Census Tract 97.06; San Diego County; California","138617","30581",
"1400000US06073009801","Census Tract 98.01; San Diego County; California","130543","22470",
"1400000US06073009802","Census Tract 98.02; San Diego County; California","107429","21037",
"1400000US06073009804","Census Tract 98.04; San Diego County; California","148026","22630",
"1400000US06073009805","Census Tract 98.05; San Diego County; California","101644","12044",
"1400000US06073009901","Census Tract 99.01; San Diego County; California","-","**",
"1400000US06073009902","Census Tract 99.02; San Diego County; California","-","**",
"1400000US06073010001","Census Tract 100.01; San Diego County; California","101591","31452",
"1400000US06073010003","Census Tract 100.03; San Diego County; California","98913","13340",
"1400000US06073010004","Census Tract 100.04; San Diego County; California","105074","21849",
"1400000US06073010005","Census Tract 100.05; San Diego County; California","35503","17313",
"1400000US06073010009","Census Tract 100.09; San Diego County; California","74063","8577",
"1400000US06073010010","Census Tract 100.10; San Diego County; California","65000","11665",
"1400000US06073010011","Census Tract 100.11; San Diego County; California","111429","31027",
"1400000US06073010012","Census Tract 100.12; San Diego County; California","86111","17228",
"1400000US06073010013","Census Tract 100.13; San Diego County; California","69459","15798",
"1400000US06073010015","Census Tract 100.15; San Diego County; California","129107","23504",
"1400000US06073010016","Census Tract 100.16; San Diego County; California","-","**",
"1400000US06073010017","Census Tract 100.17; San Diego County; California","108042","11729",
"1400000US06073010018","Census Tract 100.18; San Diego County; California","139643","21213",
"1400000US06073010019","Census Tract 100.19; San Diego County; California","131316","11542",
"1400000US06073010103","Census Tract 101.03; San Diego County; California","57500","13303",
"1400000US06073010104","Census Tract 101.04; San Diego County; California","103315","26206",
"1400000US06073010106","Census Tract 101.06; San Diego County; California","50833","15544",
"1400000US06073010107","Census Tract 101.07; San Diego County; California","85875","24034",
"1400000US06073010109","Census Tract 101.09; San Diego County; California","104630","10198",
"1400000US06073010110","Census Tract 101.10; San Diego County; California","68333","15517",
"1400000US06073010111","Census Tract 101.11; San Diego County; California","59561","18718",
"1400000US06073010112","Census Tract 101.12; San Diego County; California","57083","6714",
"1400000US06073010201","Census Tract 102.01; San Diego County; California","108250","20260",
"1400000US06073010202","Census Tract 102.02; San Diego County; California","103247","9409",
"1400000US06073010300","Census Tract 103; San Diego County; California","77722","30366",
"1400000US06073010401","Census Tract 104.01; San Diego County; California","70609","16801",
"1400000US06073010402","Census Tract 104.02; San Diego County; California","59227","13978",
"1400000US06073010501","Census Tract 105.01; San Diego County; California","118634","8121",
"1400000US06073010502","Census Tract 105.02; San Diego County; California","65351","9463",
"1400000US06073010601","Census Tract 106.01; San Diego County; California","202692","27969",
"1400000US06073010800","Census Tract 108; San Diego County; California","132000","17669",
"1400000US06073010900","Census Tract 109; San Diego County; California","179063","44119",
"1400000US06073011000","Census Tract 110; San Diego County; California","97237","30065",
"1400000US06073011100","Census Tract 111; San Diego County; California","127050","18141",
"1400000US06073011300","Census Tract 113; San Diego County; California","155114","102391",
"1400000US06073011601","Census Tract 116.01; San Diego County; California","69542","11254",
"1400000US06073011602","Census Tract 116.02; San Diego County; California","57303","9016",
"1400000US06073011700","Census Tract 117; San Diego County; California","56045","14419",
"1400000US06073011801","Census Tract 118.01; San Diego County; California","61146","27522",
"1400000US06073011802","Census Tract 118.02; San Diego County; California","57273","14114",
"1400000US06073011902","Census Tract 119.02; San Diego County; California","76685","11788",
"1400000US06073012002","Census Tract 120.02; San Diego County; California","38973","17638",
"1400000US06073012003","Census Tract 120.03; San Diego County; California","93438","22130",
"1400000US06073012101","Census Tract 121.01; San Diego County; California","93824","22449",
"1400000US06073012102","Census Tract 121.02; San Diego County; California","70125","11226",
"1400000US06073012200","Census Tract 122; San Diego County; California","60500","8626",
"1400000US06073012302","Census Tract 123.02; San Diego County; California","44750","9227",
"1400000US06073012303","Census Tract 123.03; San Diego County; California","75024","13594",
"1400000US06073012304","Census Tract 123.04; San Diego County; California","90300","17649",
"1400000US06073012401","Census Tract 124.01; San Diego County; California","81538","23598",
"1400000US06073012402","Census Tract 124.02; San Diego County; California","64018","21602",
"1400000US06073012501","Census Tract 125.01; San Diego County; California","43125","12847",
"1400000US06073012502","Census Tract 125.02; San Diego County; California","65625","20105",
"1400000US06073012600","Census Tract 126; San Diego County; California","78017","16798",
"1400000US06073012700","Census Tract 127; San Diego County; California","67961","15520",
"1400000US06073012800","Census Tract 128; San Diego County; California","84185","18946",
"1400000US06073012900","Census Tract 129; San Diego County; California","103438","18849",
"1400000US06073013000","Census Tract 130; San Diego County; California","72700","18165",
"1400000US06073013102","Census Tract 131.02; San Diego County; California","64619","5761",
"1400000US06073013103","Census Tract 131.03; San Diego County; California","73333","23732",
"1400000US06073013104","Census Tract 131.04; San Diego County; California","54750","7952",
"1400000US06073013203","Census Tract 132.03; San Diego County; California","52014","8030",
"1400000US06073013204","Census Tract 132.04; San Diego County; California","61852","22142",
"1400000US06073013205","Census Tract 132.05; San Diego County; California","61786","35868",
"1400000US06073013206","Census Tract 132.06; San Diego County; California","52622","4734",
"1400000US06073013301","Census Tract 133.01; San Diego County; California","106645","20357",
"1400000US06073013302","Census Tract 133.02; San Diego County; California","100772","22514",
"1400000US06073013303","Census Tract 133.03; San Diego County; California","71750","32969",
"1400000US06073013306","Census Tract 133.06; San Diego County; California","86563","19166",
"1400000US06073013307","Census Tract 133.07; San Diego County; California","80156","39180",
"1400000US06073013308","Census Tract 133.08; San Diego County; California","95725","24041",
"1400000US06073013309","Census Tract 133.09; San Diego County; California","140882","19104",
"1400000US06073013312","Census Tract 133.12; San Diego County; California","97188","24778",
"1400000US06073013315","Census Tract 133.15; San Diego County; California","139476","11702",
"1400000US06073013316","Census Tract 133.16; San Diego County; California","141364","26410",
"1400000US06073013317","Census Tract 133.17; San Diego County; California","139464","14364",
"1400000US06073013318","Census Tract 133.18; San Diego County; California","151302","46101",
"1400000US06073013319","Census Tract 133.19; San Diego County; California","145256","23098",
"1400000US06073013320","Census Tract 133.20; San Diego County; California","123000","33425",
"1400000US06073013321","Census Tract 133.21; San Diego County; California","148068","21230",
"1400000US06073013322","Census Tract 133.22; San Diego County; California","166563","46474",
"1400000US06073013323","Census Tract 133.23; San Diego County; California","167715","40674",
"1400000US06073013324","Census Tract 133.24; San Diego County; California","125244","14687",
"1400000US06073013325","Census Tract 133.25; San Diego County; California","82529","38950",
"1400000US06073013326","Census Tract 133.26; San Diego County; California","179425","47896",
"1400000US06073013327","Census Tract 133.27; San Diego County; California","144328","38324",
"1400000US06073013401","Census Tract 134.01; San Diego County; California","134358","28611",
"1400000US06073013409","Census Tract 134.09; San Diego County; California","108590","16131",
"1400000US06073013411","Census Tract 134.11; San Diego County; California","158802","20076",
"1400000US06073013412","Census Tract 134.12; San Diego County; California","119348","18655",
"1400000US06073013414","Census Tract 134.14; San Diego County; California","143600","17448",
"1400000US06073013415","Census Tract 134.15; San Diego County; California","160804","19278",
"1400000US06073013416","Census Tract 134.16; San Diego County; California","122210","13770",
"1400000US06073013417","Census Tract 134.17; San Diego County; California","152700","11529",
"1400000US06073013418","Census Tract 134.18; San Diego County; California","82440","24669",
"1400000US06073013420","Census Tract 134.20; San Diego County; California","127222","30509",
"1400000US06073013421","Census Tract 134.21; San Diego County; California","145000","23736",
"1400000US06073013422","Census Tract 134.22; San Diego County; California","149167","22408",
"1400000US06073013423","Census Tract 134.23; San Diego County; California","144375","33101",
"1400000US06073013424","Census Tract 134.24; San Diego County; California","160263","33102",
"1400000US06073013425","Census Tract 134.25; San Diego County; California","188339","2393",
"1400000US06073013503","Census Tract 135.03; San Diego County; California","99470","14426",
"1400000US06073013504","Census Tract 135.04; San Diego County; California","138304","17434",
"1400000US06073013505","Census Tract 135.05; San Diego County; California","122422","22435",
"1400000US06073013506","Census Tract 135.06; San Diego County; California","102031","16350",
"1400000US06073013601","Census Tract 136.01; San Diego County; California","114656","13117",
"1400000US06073013604","Census Tract 136.04; San Diego County; California","103606","8440",
"1400000US06073013605","Census Tract 136.05; San Diego County; California","157344","64870",
"1400000US06073013607","Census Tract 136.07; San Diego County; California","80885","33632",
"1400000US06073013608","Census Tract 136.08; San Diego County; California","84926","22728",
"1400000US06073013701","Census Tract 137.01; San Diego County; California","120464","13476",
"1400000US06073013702","Census Tract 137.02; San Diego County; California","92566","10715",
"1400000US06073013801","Census Tract 138.01; San Diego County; California","82404","21513",
"1400000US06073013802","Census Tract 138.02; San Diego County; California","79583","23936",
"1400000US06073013903","Census Tract 139.03; San Diego County; California","128289","26036",
"1400000US06073013905","Census Tract 139.05; San Diego County; California","127019","19691",
"1400000US06073013906","Census Tract 139.06; San Diego County; California","70833","17891",
"1400000US06073013907","Census Tract 139.07; San Diego County; California","59621","21738",
"1400000US06073013908","Census Tract 139.08; San Diego County; California","87188","32679",
"1400000US06073013909","Census Tract 139.09; San Diego County; California","96767","24595",
"1400000US06073014001","Census Tract 140.01; San Diego County; California","78529","11526",
"1400000US06073014002","Census Tract 140.02; San Diego County; California","77500","15208",
"1400000US06073014101","Census Tract 141.01; San Diego County; California","98750","21360",
"1400000US06073014102","Census Tract 141.02; San Diego County; California","103617","18249",
"1400000US06073014200","Census Tract 142; San Diego County; California","104693","21300",
"1400000US06073014300","Census Tract 143; San Diego County; California","87547","28731",
"1400000US06073014400","Census Tract 144; San Diego County; California","46250","9848",
"1400000US06073014500","Census Tract 145; San Diego County; California","81058","7678",
"1400000US06073014601","Census Tract 146.01; San Diego County; California","71667","13036",
"1400000US06073014602","Census Tract 146.02; San Diego County; California","126628","22981",
"1400000US06073014701","Census Tract 147.01; San Diego County; California","97788","14874",
"1400000US06073014702","Census Tract 147.02; San Diego County; California","115790","19439",
"1400000US06073014803","Census Tract 148.03; San Diego County; California","72500","10025",
"1400000US06073014804","Census Tract 148.04; San Diego County; California","82625","42745",
"1400000US06073014805","Census Tract 148.05; San Diego County; California","94479","18784",
"1400000US06073014806","Census Tract 148.06; San Diego County; California","64075","10922",
"1400000US06073014901","Census Tract 149.01; San Diego County; California","82240","12620",
"1400000US06073014902","Census Tract 149.02; San Diego County; California","72500","13682",
"1400000US06073015001","Census Tract 150.01; San Diego County; California","79883","21047",
"1400000US06073015002","Census Tract 150.02; San Diego County; California","59313","4569",
"1400000US06073015100","Census Tract 151; San Diego County; California","99000","8486",
"1400000US06073015200","Census Tract 152; San Diego County; California","154196","16510",
"1400000US06073015301","Census Tract 153.01; San Diego County; California","61282","30057",
"1400000US06073015302","Census Tract 153.02; San Diego County; California","115575","31031",
"1400000US06073015403","Census Tract 154.03; San Diego County; California","156635","30372",
"1400000US06073015405","Census Tract 154.05; San Diego County; California","137048","19289",
"1400000US06073015406","Census Tract 154.06; San Diego County; California","153583","29163",
"1400000US06073015407","Census Tract 154.07; San Diego County; California","46267","13357",
"1400000US06073015408","Census Tract 154.08; San Diego County; California","99673","55285",
"1400000US06073015501","Census Tract 155.01; San Diego County; California","111364","19186",
"1400000US06073015502","Census Tract 155.02; San Diego County; California","127120","35314",
"1400000US06073015601","Census Tract 156.01; San Diego County; California","63974","18675",
"1400000US06073015602","Census Tract 156.02; San Diego County; California","152917","41800",
"1400000US06073015701","Census Tract 157.01; San Diego County; California","42750","7027",
"1400000US06073015704","Census Tract 157.04; San Diego County; California","47750","18497",
"1400000US06073015705","Census Tract 157.05; San Diego County; California","60256","10754",
"1400000US06073015706","Census Tract 157.06; San Diego County; California","33640","9356",
"1400000US06073015801","Census Tract 158.01; San Diego County; California","52212","3172",
"1400000US06073015802","Census Tract 158.02; San Diego County; California","62292","9146",
"1400000US06073015901","Census Tract 159.01; San Diego County; California","45690","12325",
"1400000US06073015902","Census Tract 159.02; San Diego County; California","45921","17768",
"1400000US06073016000","Census Tract 160; San Diego County; California","100547","24117",
"1400000US06073016100","Census Tract 161; San Diego County; California","108175","11280",
"1400000US06073016201","Census Tract 162.01; San Diego County; California","142697","24999",
"1400000US06073016202","Census Tract 162.02; San Diego County; California","68813","4358",
"1400000US06073016301","Census Tract 163.01; San Diego County; California","64446","19539",
"1400000US06073016302","Census Tract 163.02; San Diego County; California","56154","15931",
"1400000US06073016401","Census Tract 164.01; San Diego County; California","110076","21596",
"1400000US06073016403","Census Tract 164.03; San Diego County; California","81083","23764",
"1400000US06073016404","Census Tract 164.04; San Diego County; California","46737","8901",
"1400000US06073016502","Census Tract 165.02; San Diego County; California","66701","8425",
"1400000US06073016503","Census Tract 165.03; San Diego County; California","97955","14210",
"1400000US06073016504","Census Tract 165.04; San Diego County; California","59129","19665",
"1400000US06073016606","Census Tract 166.06; San Diego County; California","126731","22165",
"1400000US06073016607","Census Tract 166.07; San Diego County; California","141229","6576",
"1400000US06073016608","Census Tract 166.08; San Diego County; California","133092","11395",
"1400000US06073016609","Census Tract 166.09; San Diego County; California","122873","15648",
"1400000US06073016610","Census Tract 166.10; San Diego County; California","84407","19764",
"1400000US06073016613","Census Tract 166.13; San Diego County; California","116667","17946",
"1400000US06073016614","Census Tract 166.14; San Diego County; California","116658","15040",
"1400000US06073016615","Census Tract 166.15; San Diego County; California","131500","20194",
"1400000US06073016616","Census Tract 166.16; San Diego County; California","75469","19894",
"1400000US06073016617","Census Tract 166.17; San Diego County; California","46667","19026",
"1400000US06073016618","Census Tract 166.18; San Diego County; California","100000","15287",
"1400000US06073016619","Census Tract 166.19; San Diego County; California","83976","13926",
"1400000US06073016620","Census Tract 166.20; San Diego County; California","100000","26911",
"1400000US06073016621","Census Tract 166.21; San Diego County; California","140250","19056",
"1400000US06073016703","Census Tract 167.03; San Diego County; California","107202","29575",
"1400000US06073016704","Census Tract 167.04; San Diego County; California","116711","38927",
"1400000US06073016705","Census Tract 167.05; San Diego County; California","63523","30410",
"1400000US06073016706","Census Tract 167.06; San Diego County; California","82200","24657",
"1400000US06073016804","Census Tract 168.04; San Diego County; California","85321","10566",
"1400000US06073016806","Census Tract 168.06; San Diego County; California","83060","25823",
"1400000US06073016807","Census Tract 168.07; San Diego County; California","116955","22889",
"1400000US06073016809","Census Tract 168.09; San Diego County; California","82206","27580",
"1400000US06073016810","Census Tract 168.10; San Diego County; California","145268","25702",
"1400000US06073016811","Census Tract 168.11; San Diego County; California","120107","35401",
"1400000US06073016812","Census Tract 168.12; San Diego County; California","79861","31075",
"1400000US06073016813","Census Tract 168.13; San Diego County; California","102813","20781",
"1400000US06073016901","Census Tract 169.01; San Diego County; California","119669","34217",
"1400000US06073016902","Census Tract 169.02; San Diego County; California","116250","15179",
"1400000US06073017006","Census Tract 170.06; San Diego County; California","170500","57134",
"1400000US06073017009","Census Tract 170.09; San Diego County; California","98403","25882",
"1400000US06073017010","Census Tract 170.10; San Diego County; California","201875","23834",
"1400000US06073017014","Census Tract 170.14; San Diego County; California","82549","14643",
"1400000US06073017018","Census Tract 170.18; San Diego County; California","99048","21902",
"1400000US06073017020","Census Tract 170.20; San Diego County; California","175114","41420",
"1400000US06073017021","Census Tract 170.21; San Diego County; California","201450","26381",
"1400000US06073017022","Census Tract 170.22; San Diego County; California","129265","23048",
"1400000US06073017031","Census Tract 170.31; San Diego County; California","151125","41318",
"1400000US06073017033","Census Tract 170.33; San Diego County; California","170805","10783",
"1400000US06073017034","Census Tract 170.34; San Diego County; California","117382","22519",
"1400000US06073017035","Census Tract 170.35; San Diego County; California","129861","16032",
"1400000US06073017036","Census Tract 170.36; San Diego County; California","129979","10882",
"1400000US06073017037","Census Tract 170.37; San Diego County; California","125909","17871",
"1400000US06073017039","Census Tract 170.39; San Diego County; California","123836","18007",
"1400000US06073017040","Census Tract 170.40; San Diego County; California","150208","28350",
"1400000US06073017041","Census Tract 170.41; San Diego County; California","141361","28459",
"1400000US06073017043","Census Tract 170.43; San Diego County; California","192895","18646",
"1400000US06073017044","Census Tract 170.44; San Diego County; California","197917","35755",
"1400000US06073017045","Census Tract 170.45; San Diego County; California","228250","25118",
"1400000US06073017046","Census Tract 170.46; San Diego County; California","174526","27953",
"1400000US06073017047","Census Tract 170.47; San Diego County; California","180729","20788",
"1400000US06073017048","Census Tract 170.48; San Diego County; California","98036","18727",
"1400000US06073017049","Census Tract 170.49; San Diego County; California","107917","18966",
"1400000US06073017050","Census Tract 170.50; San Diego County; California","108424","16091",
"1400000US06073017051","Census Tract 170.51; San Diego County; California","129468","12873",
"1400000US06073017052","Census Tract 170.52; San Diego County; California","126588","28614",
"1400000US06073017053","Census Tract 170.53; San Diego County; California","210104","38283",
"1400000US06073017054","Census Tract 170.54; San Diego County; California","159044","32706",
"1400000US06073017055","Census Tract 170.55; San Diego County; California","159434","25579",
"1400000US06073017056","Census Tract 170.56; San Diego County; California","111167","26266",
"1400000US06073017057","Census Tract 170.57; San Diego County; California","173750","31833",
"1400000US06073017058","Census Tract 170.58; San Diego County; California","139076","35504",
"1400000US06073017059","Census Tract 170.59; San Diego County; California","89516","18805",
"1400000US06073017060","Census Tract 170.60; San Diego County; California","121205","48224",
"1400000US06073017061","Census Tract 170.61; San Diego County; California","160126","36165",
"1400000US06073017062","Census Tract 170.62; San Diego County; California","246078","62616",
"1400000US06073017063","Census Tract 170.63; San Diego County; California","121015","16094",
"1400000US06073017064","Census Tract 170.64; San Diego County; California","208167","91000",
"1400000US06073017065","Census Tract 170.65; San Diego County; California","192317","35297",
"1400000US06073017066","Census Tract 170.66; San Diego County; California","197794","55285",
"1400000US06073017067","Census Tract 170.67; San Diego County; California","223977","20623",
"1400000US06073017068","Census Tract 170.68; San Diego County; California","145313","25357",
"1400000US06073017069","Census Tract 170.69; San Diego County; California","186625","34947",
"1400000US06073017070","Census Tract 170.70; San Diego County; California","195865","42750",
"1400000US06073017071","Census Tract 170.71; San Diego County; California","194196","86378",
"1400000US06073017104","Census Tract 171.04; San Diego County; California","136468","9768",
"1400000US06073017106","Census Tract 171.06; San Diego County; California","242625","25416",
"1400000US06073017107","Census Tract 171.07; San Diego County; California","199063","37188",
"1400000US06073017108","Census Tract 171.08; San Diego County; California","165893","36417",
"1400000US06073017109","Census Tract 171.09; San Diego County; California","237402","56676",
"1400000US06073017111","Census Tract 171.11; San Diego County; California","195667","58839",
"1400000US06073017112","Census Tract 171.12; San Diego County; California","201667","104735",
"1400000US06073017113","Census Tract 171.13; San Diego County; California","125595","22086",
"1400000US06073017201","Census Tract 172.01; San Diego County; California","193348","51992",
"1400000US06073017202","Census Tract 172.02; San Diego County; California","179018","61976",
"1400000US06073017303","Census Tract 173.03; San Diego County; California","119558","34802",
"1400000US06073017305","Census Tract 173.05; San Diego County; California","168889","13392",
"1400000US06073017306","Census Tract 173.06; San Diego County; California","224514","30396",
"1400000US06073017307","Census Tract 173.07; San Diego County; California","143417","27768",
"1400000US06073017308","Census Tract 173.08; San Diego County; California","113239","55805",
"1400000US06073017403","Census Tract 174.03; San Diego County; California","151518","43060",
"1400000US06073017405","Census Tract 174.05; San Diego County; California","138403","39747",
"1400000US06073017406","Census Tract 174.06; San Diego County; California","161331","36883",
"1400000US06073017407","Census Tract 174.07; San Diego County; California","192468","33245",
"1400000US06073017408","Census Tract 174.08; San Diego County; California","119028","32729",
"1400000US06073017501","Census Tract 175.01; San Diego County; California","145357","33912",
"1400000US06073017502","Census Tract 175.02; San Diego County; California","118611","47473",
"1400000US06073017601","Census Tract 176.01; San Diego County; California","171310","29885",
"1400000US06073017603","Census Tract 176.03; San Diego County; California","182361","42295",
"1400000US06073017605","Census Tract 176.05; San Diego County; California","135797","31888",
"1400000US06073017606","Census Tract 176.06; San Diego County; California","97412","13364",
"1400000US06073017701","Census Tract 177.01; San Diego County; California","124833","25344",
"1400000US06073017702","Census Tract 177.02; San Diego County; California","144559","35790",
"1400000US06073017801","Census Tract 178.01; San Diego County; California","115711","14529",
"1400000US06073017808","Census Tract 178.08; San Diego County; California","158922","22414",
"1400000US06073017809","Census Tract 178.09; San Diego County; California","114500","23633",
"1400000US06073017810","Census Tract 178.10; San Diego County; California","145188","72262",
"1400000US06073017811","Census Tract 178.11; San Diego County; California","167287","17860",
"1400000US06073017813","Census Tract 178.13; San Diego County; California","132299","31997",
"1400000US06073017901","Census Tract 179.01; San Diego County; California","72901","8150",
"1400000US06073017902","Census Tract 179.02; San Diego County; California","72863","40191",
"1400000US06073018000","Census Tract 180; San Diego County; California","96103","16188",
"1400000US06073018101","Census Tract 181.01; San Diego County; California","116215","9826",
"1400000US06073018102","Census Tract 181.02; San Diego County; California","87976","40835",
"1400000US06073018201","Census Tract 182.01; San Diego County; California","75707","11222",
"1400000US06073018202","Census Tract 182.02; San Diego County; California","82875","21519",
"1400000US06073018301","Census Tract 183.01; San Diego County; California","72230","45503",
"1400000US06073018302","Census Tract 183.02; San Diego County; California","67955","11810",
"1400000US06073018400","Census Tract 184; San Diego County; California","80844","16996",
"1400000US06073018504","Census Tract 185.04; San Diego County; California","82279","18524",
"1400000US06073018509","Census Tract 185.09; San Diego County; California","61343","3284",
"1400000US06073018510","Census Tract 185.10; San Diego County; California","56071","25140",
"1400000US06073018511","Census Tract 185.11; San Diego County; California","75356","13992",
"1400000US06073018512","Census Tract 185.12; San Diego County; California","54954","14834",
"1400000US06073018515","Census Tract 185.15; San Diego County; California","116042","20643",
"1400000US06073018516","Census Tract 185.16; San Diego County; California","107440","29610",
"1400000US06073018517","Census Tract 185.17; San Diego County; California","90478","15524",
"1400000US06073018518","Census Tract 185.18; San Diego County; California","103317","19661",
"1400000US06073018519","Census Tract 185.19; San Diego County; California","79851","11902",
"1400000US06073018520","Census Tract 185.20; San Diego County; California","93087","9349",
"1400000US06073018521","Census Tract 185.21; San Diego County; California","110156","15222",
"1400000US06073018522","Census Tract 185.22; San Diego County; California","124119","21531",
"1400000US06073018523","Census Tract 185.23; San Diego County; California","102065","33499",
"1400000US06073018524","Census Tract 185.24; San Diego County; California","89779","26010",
"1400000US06073018525","Census Tract 185.25; San Diego County; California","159688","33856",
"1400000US06073018601","Census Tract 186.01; San Diego County; California","116842","26997",
"1400000US06073018608","Census Tract 186.08; San Diego County; California","127315","17332",
"1400000US06073018609","Census Tract 186.09; San Diego County; California","83807","15817",
"1400000US06073018612","Census Tract 186.12; San Diego County; California","143333","17490",
"1400000US06073018613","Census Tract 186.13; San Diego County; California","88450","6153",
"1400000US06073018615","Census Tract 186.15; San Diego County; California","66580","12907",
"1400000US06073018616","Census Tract 186.16; San Diego County; California","66733","15323",
"1400000US06073018617","Census Tract 186.17; San Diego County; California","130500","30960",
"1400000US06073018618","Census Tract 186.18; San Diego County; California","76573","16271",
"1400000US06073018619","Census Tract 186.19; San Diego County; California","173072","17932",
"1400000US06073018620","Census Tract 186.20; San Diego County; California","83333","58984",
"1400000US06073018621","Census Tract 186.21; San Diego County; California","115250","62830",
"1400000US06073018622","Census Tract 186.22; San Diego County; California","75085","7426",
"1400000US06073018700","Census Tract 187; San Diego County; California","62998","5020",
"1400000US06073018801","Census Tract 188.01; San Diego County; California","101625","21514",
"1400000US06073018803","Census Tract 188.03; San Diego County; California","101161","7253",
"1400000US06073018804","Census Tract 188.04; San Diego County; California","126161","29427",
"1400000US06073018805","Census Tract 188.05; San Diego County; California","135717","15326",
"1400000US06073018903","Census Tract 189.03; San Diego County; California","73750","14840",
"1400000US06073018904","Census Tract 189.04; San Diego County; California","71307","19402",
"1400000US06073018905","Census Tract 189.05; San Diego County; California","78975","22970",
"1400000US06073018906","Census Tract 189.06; San Diego County; California","76410","11222",
"1400000US06073019001","Census Tract 190.01; San Diego County; California","128244","7760",
"1400000US06073019002","Census Tract 190.02; San Diego County; California","130987","12538",
"1400000US06073019103","Census Tract 191.03; San Diego County; California","115254","21707",
"1400000US06073019105","Census Tract 191.05; San Diego County; California","118636","31048",
"1400000US06073019107","Census Tract 191.07; San Diego County; California","159375","60262",
"1400000US06073019108","Census Tract 191.08; San Diego County; California","96621","6958",
"1400000US06073019109","Census Tract 191.09; San Diego County; California","122083","36214",
"1400000US06073019110","Census Tract 191.10; San Diego County; California","130402","21734",
"1400000US06073019111","Census Tract 191.11; San Diego County; California","125366","20205",
"1400000US06073019203","Census Tract 192.03; San Diego County; California","138000","25058",
"1400000US06073019205","Census Tract 192.05; San Diego County; California","62459","18570",
"1400000US06073019206","Census Tract 192.06; San Diego County; California","97939","21247",
"1400000US06073019208","Census Tract 192.08; San Diego County; California","132891","54193",
"1400000US06073019209","Census Tract 192.09; San Diego County; California","141136","36577",
"1400000US06073019210","Census Tract 192.10; San Diego County; California","74038","12129",
"1400000US06073019301","Census Tract 193.01; San Diego County; California","112750","33797",
"1400000US06073019303","Census Tract 193.03; San Diego County; California","124338","52977",
"1400000US06073019304","Census Tract 193.04; San Diego County; California","103207","24549",
"1400000US06073019305","Census Tract 193.05; San Diego County; California","76768","5157",
"1400000US06073019403","Census Tract 194.03; San Diego County; California","100227","21013",
"1400000US06073019404","Census Tract 194.04; San Diego County; California","79896","29318",
"1400000US06073019405","Census Tract 194.05; San Diego County; California","76382","7069",
"1400000US06073019406","Census Tract 194.06; San Diego County; California","83590","8043",
"1400000US06073019501","Census Tract 195.01; San Diego County; California","82750","16245",
"1400000US06073019502","Census Tract 195.02; San Diego County; California","60078","12550",
"1400000US06073019503","Census Tract 195.03; San Diego County; California","82123","6684",
"1400000US06073019601","Census Tract 196.01; San Diego County; California","112981","42921",
"1400000US06073019602","Census Tract 196.02; San Diego County; California","110625","24383",
"1400000US06073019701","Census Tract 197.01; San Diego County; California","90234","12858",
"1400000US06073019702","Census Tract 197.02; San Diego County; California","101607","19878",
"1400000US06073019803","Census Tract 198.03; San Diego County; California","107813","29213",
"1400000US06073019804","Census Tract 198.04; San Diego County; California","148618","17930",
"1400000US06073019805","Census Tract 198.05; San Diego County; California","87266","18465",
"1400000US06073019808","Census Tract 198.08; San Diego County; California","98521","14863",
"1400000US06073019809","Census Tract 198.09; San Diego County; California","132650","30236",
"1400000US06073019810","Census Tract 198.10; San Diego County; California","116750","53190",
"1400000US06073019811","Census Tract 198.11; San Diego County; California","125000","30095",
"1400000US06073019902","Census Tract 199.02; San Diego County; California","82206","13839",
"1400000US06073019903","Census Tract 199.03; San Diego County; California","105089","15237",
"1400000US06073019904","Census Tract 199.04; San Diego County; California","104458","23450",
"1400000US06073019905","Census Tract 199.05; San Diego County; California","107944","16557",
"1400000US06073020015","Census Tract 200.15; San Diego County; California","185121","43122",
"1400000US06073020017","Census Tract 200.17; San Diego County; California","62702","9618",
"1400000US06073020019","Census Tract 200.19; San Diego County; California","74026","20526",
"1400000US06073020021","Census Tract 200.21; San Diego County; California","83706","8848",
"1400000US06073020023","Census Tract 200.23; San Diego County; California","102574","23171",
"1400000US06073020024","Census Tract 200.24; San Diego County; California","85714","35689",
"1400000US06073020025","Census Tract 200.25; San Diego County; California","86080","17431",
"1400000US06073020026","Census Tract 200.26; San Diego County; California","122750","23292",
"1400000US06073020028","Census Tract 200.28; San Diego County; California","58147","9363",
"1400000US06073020029","Census Tract 200.29; San Diego County; California","71301","9755",
"1400000US06073020030","Census Tract 200.30; San Diego County; California","180625","57404",
"1400000US06073020031","Census Tract 200.31; San Diego County; California","119681","29410",
"1400000US06073020032","Census Tract 200.32; San Diego County; California","163000","41661",
"1400000US06073020033","Census Tract 200.33; San Diego County; California","115682","20904",
"1400000US06073020034","Census Tract 200.34; San Diego County; California","240587","33113",
"1400000US06073020035","Census Tract 200.35; San Diego County; California","172092","14772",
"1400000US06073020036","Census Tract 200.36; San Diego County; California","71555","9205",
"1400000US06073020037","Census Tract 200.37; San Diego County; California","94222","34555",
"1400000US06073020038","Census Tract 200.38; San Diego County; California","157069","21683",
"1400000US06073020039","Census Tract 200.39; San Diego County; California","152083","32290",
"1400000US06073020040","Census Tract 200.40; San Diego County; California","140746","19626",
"1400000US06073020041","Census Tract 200.41; San Diego County; California","79693","30893",
"1400000US06073020042","Census Tract 200.42; San Diego County; California","110199","22709",
"1400000US06073020043","Census Tract 200.43; San Diego County; California","189265","53934",
"1400000US06073020044","Census Tract 200.44; San Diego County; California","207500","47053",
"1400000US06073020105","Census Tract 201.05; San Diego County; California","113875","11464",
"1400000US06073020106","Census Tract 201.06; San Diego County; California","93509","23068",
"1400000US06073020107","Census Tract 201.07; San Diego County; California","104273","10146",
"1400000US06073020108","Census Tract 201.08; San Diego County; California","66250","7424",
"1400000US06073020109","Census Tract 201.09; San Diego County; California","102381","20513",
"1400000US06073020110","Census Tract 201.10; San Diego County; California","136468","10230",
"1400000US06073020111","Census Tract 201.11; San Diego County; California","167534","61017",
"1400000US06073020202","Census Tract 202.02; San Diego County; California","47669","9968",
"1400000US06073020206","Census Tract 202.06; San Diego County; California","71071","24750",
"1400000US06073020207","Census Tract 202.07; San Diego County; California","61950","28055",
"1400000US06073020208","Census Tract 202.08; San Diego County; California","104911","22983",
"1400000US06073020209","Census Tract 202.09; San Diego County; California","52881","14053",
"1400000US06073020210","Census Tract 202.10; San Diego County; California","64069","10332",
"1400000US06073020211","Census Tract 202.11; San Diego County; California","61327","10210",
"1400000US06073020213","Census Tract 202.13; San Diego County; California","53333","14445",
"1400000US06073020214","Census Tract 202.14; San Diego County; California","32194","11966",
"1400000US06073020304","Census Tract 203.04; San Diego County; California","140586","20272",
"1400000US06073020305","Census Tract 203.05; San Diego County; California","108814","23163",
"1400000US06073020308","Census Tract 203.08; San Diego County; California","51736","16544",
"1400000US06073020309","Census Tract 203.09; San Diego County; California","107313","8935",
"1400000US06073020310","Census Tract 203.10; San Diego County; California","119141","23281",
"1400000US06073020311","Census Tract 203.11; San Diego County; California","108821","37535",
"1400000US06073020312","Census Tract 203.12; San Diego County; California","111906","16439",
"1400000US06073020313","Census Tract 203.13; San Diego County; California","54900","15297",
"1400000US06073020401","Census Tract 204.01; San Diego County; California","156806","11522",
"1400000US06073020403","Census Tract 204.03; San Diego County; California","117417","16783",
"1400000US06073020404","Census Tract 204.04; San Diego County; California","95543","12616",
"1400000US06073020405","Census Tract 204.05; San Diego County; California","154018","18245",
"1400000US06073020500","Census Tract 205; San Diego County; California","76989","9957",
"1400000US06073020601","Census Tract 206.01; San Diego County; California","58569","14071",
"1400000US06073020602","Census Tract 206.02; San Diego County; California","69756","9077",
"1400000US06073020705","Census Tract 207.05; San Diego County; California","126538","11284",
"1400000US06073020706","Census Tract 207.06; San Diego County; California","181521","30384",
"1400000US06073020707","Census Tract 207.07; San Diego County; California","78281","35307",
"1400000US06073020708","Census Tract 207.08; San Diego County; California","162688","48392",
"1400000US06073020710","Census Tract 207.10; San Diego County; California","152656","12029",
"1400000US06073020711","Census Tract 207.11; San Diego County; California","146250","59934",
"1400000US06073020712","Census Tract 207.12; San Diego County; California","135163","33589",
"1400000US06073020801","Census Tract 208.01; San Diego County; California","155556","24759",
"1400000US06073020805","Census Tract 208.05; San Diego County; California","111029","13773",
"1400000US06073020806","Census Tract 208.06; San Diego County; California","74464","28349",
"1400000US06073020807","Census Tract 208.07; San Diego County; California","126486","20373",
"1400000US06073020810","Census Tract 208.10; San Diego County; California","134781","11296",
"1400000US06073020811","Census Tract 208.11; San Diego County; California","134261","17296",
"1400000US06073020812","Census Tract 208.12; San Diego County; California","51121","12534",
"1400000US06073020813","Census Tract 208.13; San Diego County; California","115163","25806",
"1400000US06073020902","Census Tract 209.02; San Diego County; California","111304","19911",
"1400000US06073020903","Census Tract 209.03; San Diego County; California","69831","10610",
"1400000US06073020904","Census Tract 209.04; San Diego County; California","82990","16418",
"1400000US06073021001","Census Tract 210.01; San Diego County; California","59885","11369",
"1400000US06073021002","Census Tract 210.02; San Diego County; California","104274","43003",
"1400000US06073021101","Census Tract 211.01; San Diego County; California","59684","27831",
"1400000US06073021102","Census Tract 211.02; San Diego County; California","52212","26524",
"1400000US06073021202","Census Tract 212.02; San Diego County; California","93370","32666",
"1400000US06073021204","Census Tract 212.04; San Diego County; California","138061","9547",
"1400000US06073021205","Census Tract 212.05; San Diego County; California","96402","14097",
"1400000US06073021206","Census Tract 212.06; San Diego County; California","135000","31099",
"1400000US06073021302","Census Tract 213.02; San Diego County; California","127074","22080",
"1400000US06073021304","Census Tract 213.04; San Diego County; California","167500","32480",
"1400000US06073021305","Census Tract 213.05; San Diego County; California","132475","19153",
"1400000US06073021306","Census Tract 213.06; San Diego County; California","157008","25229",
"1400000US06073021401","Census Tract 214.01; San Diego County; California","102350","15772",
"1400000US06073021402","Census Tract 214.02; San Diego County; California","97470","18194",
"1400000US06073021501","Census Tract 215.01; San Diego County; California","250,000+","***",
"1400000US06073021502","Census Tract 215.02; San Diego County; California","176076","27638",
"1400000US06073021600","Census Tract 216; San Diego County; California","111023","16776",
"1400000US06073021800","Census Tract 218; San Diego County; California","213125","41844",
"1400000US06073021900","Census Tract 219; San Diego County; California","42976","11375",
"1400000US06073022000","Census Tract 220; San Diego County; California","66801","25666",
"1400000US06073022101","Census Tract 221.01; San Diego County; California","156678","29020",
"1400000US06073022102","Census Tract 221.02; San Diego County; California","143056","36508",
"1400000US06073990100","Census Tract 9901; San Diego County; California","-","**",
